Item Name,Reward Category,Type,GFI_Path,Base_Qty,Requires Quality?,Is Blueprint?,Image URL
Allosaurus Brain,ApexDrops,Tributes,ApexDrop_Allo,5,FALSE,,https://ark.wiki.gg/images/1/14/Allosaurus_Brain.png
Argentavis Talon,ApexDrops,Tributes,ApexDrop_Argent,5,FALSE,,https://ark.wiki.gg/images/2/23/Argentavis_Talon.png
Basilosaurus Blubber,ApexDrops,Tributes,ApexDrop_Basilo,5,FALSE,,https://ark.wiki.gg/images/e/ea/Basilosaurus_Blubber.png
Giganotosaurus Heart,ApexDrops,Tributes,ApexDrop_Giga,1,FALSE,,https://ark.wiki.gg/images/4/47/Giganotosaurus_Heart.png
Megalania Toxin,ApexDrops,Tributes,ApexDrop_Megalania,5,FALSE,,https://ark.wiki.gg/images/5/52/Megalania_Toxin.png
Megalodon Tooth,ApexDrops,Tributes,ApexDrop_Megalodon,5,FALSE,,https://ark.wiki.gg/images/a/a2/Megalodon_Tooth.png
Sarcosuchus Skin,ApexDrops,Tributes,ApexDrop_Sarco,5,FALSE,,https://ark.wiki.gg/images/d/d7/Sarcosuchus_Skin.png
Sauropod Vertebra,ApexDrops,Tributes,ApexDrop_Sauropod,5,FALSE,,https://ark.wiki.gg/images/e/e5/Sauropod_Vertebra.png
Spinosaurus Sail,ApexDrops,Tributes,ApexDrop_Spino,5,FALSE,,https://ark.wiki.gg/images/1/12/Spinosaurus_Sail.png
Therizinosaurus Claws,ApexDrops,Tributes,ApexDrop_Theri,5,FALSE,,https://ark.wiki.gg/images/e/e5/Therizinosaurus_Claws.png
Thylacoleo Hook-Claw,ApexDrops,Tributes,ApexDrop_Thyla,5,FALSE,,https://ark.wiki.gg/images/a/a2/Thylacoleo_Hook-Claw.png
Titanoboa Venom,ApexDrops,Tributes,ApexDrop_Boa,5,FALSE,,https://ark.wiki.gg/images/d/d7/Titanoboa_Venom.png
Tusoteuthis Tentacle,ApexDrops,Tributes,ApexDrop_Tuso,5,FALSE,,https://ark.wiki.gg/images/a/ac/Tusoteuthis_Tentacle.png
Tyrannosaurus Arm,ApexDrops,Tributes,ApexDrop_Rex,5,FALSE,,https://ark.wiki.gg/images/e/e5/Tyrannosaurus_Arm.png
Yutyrannus Lungs,ApexDrops,Tributes,ApexDrop_Yuty,5,FALSE,,https://ark.wiki.gg/images/e/eb/Yutyrannus_Lungs.png
Alpha Carnotaurus Arm,ApexDrops,Tributes,ApexDrop_AlphaCarno,3,FALSE,,https://ark.wiki.gg/images/a/a2/Alpha_Carnotaurus_Arm.png
Alpha Leedsichthys Blubber,ApexDrops,Tributes,ApexDrop_AlphaLeeds,1,FALSE,,https://ark.wiki.gg/images/e/ea/Alpha_Leedsichthys_Blubber.png
Alpha Megalodon Fin,ApexDrops,Tributes,ApexDrop_AlphaMegalodon,3,FALSE,,https://ark.wiki.gg/images/a/a2/Alpha_Megalodon_Fin.png
Alpha Mosasaur Tooth,ApexDrops,Tributes,ApexDrop_AlphaMosasaur,1,FALSE,,https://ark.wiki.gg/images/a/ac/Alpha_Mosasaur_Tooth.png
Alpha Raptor Claw,ApexDrops,Tributes,ApexDrop_AlphaRaptor,3,FALSE,,https://ark.wiki.gg/images/b/b3/Alpha_Raptor_Claw.png
Alpha Tyrannosaur Tooth,ApexDrops,Tributes,ApexDrop_AlphaRex,1,FALSE,,https://ark.wiki.gg/images/e/e5/Alpha_Tyrannosaur_Tooth.png
Alpha Tusoteuthis Eye,ApexDrops,Tributes,ApexDrop_AlphaTuso,1,FALSE,,https://ark.wiki.gg/images/a/ac/Alpha_Tusoteuthis_Eye.png
Corrupt Heart (Extinction),ApexDrops,Tributes,CorruptHeart,50,FALSE,,https://ark.wiki.gg/images/b/bb/Corrupt_Heart.png
Deathworm Horn,ApexDrops,Tributes,Horn,5,FALSE,,https://ark.wiki.gg/images/3/36/Deathworm_Horn.png
Fire Talon (Wyvern),ApexDrops,Tributes,ApexDrop_FireWyvern,5,FALSE,,https://ark.wiki.gg/images/c/c1/Fire_Talon.png
Lightning Talon (Wyvern),ApexDrops,Tributes,ApexDrop_LightningWyvern,5,FALSE,,https://ark.wiki.gg/images/c/c1/Lightning_Talon.png
Poison Talon (Wyvern),ApexDrops,Tributes,ApexDrop_PoisonWyvern,5,FALSE,,https://ark.wiki.gg/images/c/c1/Poison_Talon.png
Ice Talon (Wyvern),ApexDrops,Tributes,ApexDrop_IceWyvern,5,FALSE,,https://ark.wiki.gg/images/c/c1/Ice_Talon.png
Alpha Deathworm Trophy,ApexDrops,Tributes,Trophy_AlphaDeathworm,1,FALSE,,https://ark.wiki.gg/images/b/b5/Alpha_Deathworm_Trophy.png
Alpha Wyvern Trophy,ApexDrops,Tributes,Trophy_AlphaWyvern,1,FALSE,,https://ark.wiki.gg/images/b/b5/Alpha_Wyvern_Trophy.png
Basilisk Scale,ApexDrops,Tributes,ApexDrop_Basilisk,5,FALSE,,https://ark.wiki.gg/images/5/51/Basilisk_Scale.png
Nameless Venom,ApexDrops,Tributes,Venom,10,FALSE,,https://ark.wiki.gg/images/4/45/Nameless_Venom.png
Reaper Pheromone Gland,ApexDrops,Tributes,ApexDrop_Reaper,5,FALSE,,https://ark.wiki.gg/images/0/0d/Reaper_Pheromone_Gland.png
Rock Drake Feather,ApexDrops,Tributes,ApexDrop_RockDrake,10,FALSE,,https://ark.wiki.gg/images/5/5e/Rock_Drake_Feather.png
Alpha Basilisk Fang,ApexDrops,Tributes,ApexDrop_AlphaBasilisk,1,FALSE,,https://ark.wiki.gg/images/5/51/Alpha_Basilisk_Fang.png
Alpha Karkinos Claw,ApexDrops,Tributes,ApexDrop_AlphaCrab,1,FALSE,,https://ark.wiki.gg/images/6/69/Alpha_Karkinos_Claw.png
Alpha Reaper King Barb,ApexDrops,Tributes,ApexDrop_AlphaReaper,1,FALSE,,https://ark.wiki.gg/images/0/0d/Alpha_Reaper_King_Barb.png
Gasbags,ApexDrops,Tributes,ApexDrop_Gasbag,5,FALSE,,https://ark.wiki.gg/images/3/30/Gasbags_Bladder.png
Basic Kibble,Kibble,Kibbles,Kibble_Base_XSmall,2,FALSE,,https://ark.wiki.gg/images/d/d4/Basic_Kibble.png
Simple Kibble,Kibble,Kibbles,Kibble_Base_Small,2,FALSE,,https://ark.wiki.gg/images/d/d4/Simple_Kibble.png
Regular Kibble,Kibble,Kibbles,Kibble_Base_Medium,2,FALSE,,https://ark.wiki.gg/images/d/d4/Regular_Kibble.png
Superior Kibble,Kibble,Kibbles,Kibble_Base_Large,2,FALSE,,https://ark.wiki.gg/images/d/d4/Superior_Kibble.png
Exceptional Kibble,Kibble,Kibbles,Kibble_Base_XLarge,2,FALSE,,https://ark.wiki.gg/images/d/d4/Exceptional_Kibble.png
Extraordinary Kibble,Kibble,Kibbles,Kibble_Base_Special,2,FALSE,,https://ark.wiki.gg/images/d/d4/Extraordinary_Kibble.png
Pump-Action Shotgun,Blueprint,Weapons,PrimalItem_WeaponMachinedShotgun,1,TRUE,,https://ark.wiki.gg/images/b/b3/Pump-Action_Shotgun.png
Fabricated Sniper,Blueprint,Weapons,PrimalItem_WeaponMachinedSniper,1,TRUE,,https://ark.wiki.gg/images/e/e5/Fabricated_Sniper_Rifle.png
Assault Rifle,Blueprint,Weapons,PrimalItem_WeaponMachinedAssaultRifle,1,TRUE,,https://ark.wiki.gg/images/c/c2/Assault_Rifle.png
Compound Bow,Blueprint,Weapons,PrimalItem_WeaponCompoundBow,1,TRUE,,https://ark.wiki.gg/images/e/e6/Compound_Bow.png
Crossbow,Blueprint,Weapons,PrimalItem_WeaponCrossbow,1,TRUE,,https://ark.wiki.gg/images/c/c7/Crossbow.png
Longneck Rifle,Blueprint,Weapons,PrimalItem_WeaponOneShotRifle,1,TRUE,,https://ark.wiki.gg/images/0/03/Longneck_Rifle.png
Sword,Blueprint,Weapons,PrimalItem_WeaponSword,1,TRUE,,https://ark.wiki.gg/images/1/10/Sword.png
Pike,Blueprint,Weapons,PrimalItem_WeaponPike,1,TRUE,,https://ark.wiki.gg/images/4/45/Pike.png
Harpoon Launcher,Blueprint,Weapons,WeaponHarpoon,1,TRUE,,https://ark.wiki.gg/images/a/a2/Harpoon_Launcher.png
Whip,Blueprint,Weapons,WeapWhip,1,TRUE,,https://ark.wiki.gg/images/3/30/Whip.png
Boomerang,Blueprint,Weapons,Boomerang,1,TRUE,,https://ark.wiki.gg/images/5/52/Boomerang.png
Flamethrower,Blueprint,Weapons,WeapFlamethrower,1,TRUE,,https://ark.wiki.gg/images/5/51/Flamethrower.png
Chainsaw,Blueprint,Weapons,ChainSaw,1,TRUE,,https://ark.wiki.gg/images/7/7e/Chainsaw.png
Mining Drill,Blueprint,Weapons,WeapMiningDrill,1,TRUE,,https://ark.wiki.gg/images/2/27/Mining_Drill.png
Minigun,Blueprint,Weapons,WeaponMinigun,1,TRUE,,https://ark.wiki.gg/images/1/10/Minigun.png
Tek Rifle,Blueprint,Weapons,PrimalItem_WeaponTekRifle,1,TRUE,,https://ark.wiki.gg/images/b/bc/Tek_Rifle.png
Tek Sword,Blueprint,Weapons,WeaponTekSword,1,TRUE,,https://ark.wiki.gg/images/1/10/Tek_Sword.png
Tek Claws,Blueprint,Weapons,WeaponTekClaws,1,TRUE,,https://ark.wiki.gg/images/a/a2/Tek_Claws.png
Tek Bow,Blueprint,Weapons,WeaponTekBow,1,TRUE,,https://ark.wiki.gg/images/e/e6/Tek_Bow.png
Tek Phase Pistol,Blueprint,Weapons,WeaponTekPistol,1,TRUE,,https://ark.wiki.gg/images/d/da/Tek_Phase_Pistol.png
Tek Grenade Launcher,Blueprint,Weapons,WeaponTekGrenadeLauncher,1,TRUE,,https://ark.wiki.gg/images/d/da/Tek_Grenade_Launcher.png
Tek Railgun,Blueprint,Weapons,WeaponTekSniper,1,TRUE,,https://ark.wiki.gg/images/1/10/Tek_Railgun.png
Flak Helmet,Blueprint,Armor,PrimalItemArmor_MetalHelmet,1,TRUE,,https://ark.wiki.gg/images/c/ca/Flak_Helmet.png
Flak Chestpiece,Blueprint,Armor,PrimalItemArmor_MetalShirt,1,TRUE,,https://ark.wiki.gg/images/2/23/Flak_Chestpiece.png
Flak Gauntlets,Blueprint,Armor,PrimalItemArmor_MetalGloves,1,TRUE,,https://ark.wiki.gg/images/1/15/Flak_Gauntlets.png
Flak Leggings,Blueprint,Armor,PrimalItemArmor_MetalPants,1,TRUE,,https://ark.wiki.gg/images/2/22/Flak_Leggings.png
Flak Boots,Blueprint,Armor,PrimalItemArmor_MetalBoots,1,TRUE,,https://ark.wiki.gg/images/2/27/Flak_Boots.png
Riot Helmet,Blueprint,Armor,PrimalItemArmor_RiotHelmet,1,TRUE,,https://ark.wiki.gg/images/e/ea/Riot_Helmet.png
Riot Chestpiece,Blueprint,Armor,PrimalItemArmor_RiotShirt,1,TRUE,,https://ark.wiki.gg/images/0/03/Riot_Chestpiece.png
Riot Gauntlets,Blueprint,Armor,PrimalItemArmor_RiotGloves,1,TRUE,,https://ark.wiki.gg/images/3/30/Riot_Gauntlets.png
Riot Leggings,Blueprint,Armor,PrimalItemArmor_RiotPants,1,TRUE,,https://ark.wiki.gg/images/0/0d/Riot_Leggings.png
Riot Boots,Blueprint,Armor,PrimalItemArmor_RiotBoots,1,TRUE,,https://ark.wiki.gg/images/d/d4/Riot_Boots.png
Tek Helmet,Blueprint,Armor,PrimalItemArmor_TekHelmet,1,TRUE,,https://ark.wiki.gg/images/4/41/Tek_Helmet.png
Tek Chestpiece,Blueprint,Armor,PrimalItemArmor_TekShirt,1,TRUE,,https://ark.wiki.gg/images/c/c2/Tek_Chestpiece.png
Tek Gauntlets,Blueprint,Armor,PrimalItemArmor_TekGloves,1,TRUE,,https://ark.wiki.gg/images/a/a2/Tek_Gauntlets.png
Tek Leggings,Blueprint,Armor,PrimalItemArmor_TekPants,1,TRUE,,https://ark.wiki.gg/images/e/eb/Tek_Leggings.png
Tek Boots,Blueprint,Armor,PrimalItemArmor_TekBoots,1,TRUE,,https://ark.wiki.gg/images/c/c2/Tek_Boots.png
Hazard Suit Hat,Blueprint,Armor,PrimalItemArmor_HazardSuitHelmet,1,TRUE,,https://ark.wiki.gg/images/e/ea/Hazard_Suit_Hat.png
Hazard Suit Shirt,Blueprint,Armor,PrimalItemArmor_HazardSuitShirt,1,TRUE,,https://ark.wiki.gg/images/b/b3/Hazard_Suit_Shirt.png
Hazard Suit Gloves,Blueprint,Armor,PrimalItemArmor_HazardSuitGloves,1,TRUE,,https://ark.wiki.gg/images/3/30/Hazard_Suit_Gloves.png
Hazard Suit Pants,Blueprint,Armor,PrimalItemArmor_HazardSuitPants,1,TRUE,,https://ark.wiki.gg/images/1/12/Hazard_Suit_Pants.png
Hazard Suit Boots,Blueprint,Armor,PrimalItemArmor_HazardSuitBoots,1,TRUE,,https://ark.wiki.gg/images/9/91/Hazard_Suit_Boots.png
Desert Cloth Goggles,Blueprint,Armor,DesertClothGoggles,1,TRUE,,https://ark.wiki.gg/images/e/ea/Desert_Cloth_Goggles.png
Desert Cloth Shirt,Blueprint,Armor,DesertClothShirt,1,TRUE,,https://ark.wiki.gg/images/4/41/Desert_Cloth_Shirt.png
Desert Cloth Gloves,Blueprint,Armor,DesertClothGloves,1,TRUE,,https://ark.wiki.gg/images/3/30/Desert_Cloth_Gloves.png
Desert Cloth Pants,Blueprint,Armor,DesertClothPants,1,TRUE,,https://ark.wiki.gg/images/1/12/Desert_Cloth_Pants.png
Desert Cloth Boots,Blueprint,Armor,DesertClothBoots,1,TRUE,,https://ark.wiki.gg/images/9/91/Desert_Cloth_Boots.png
Ghillie Mask,Blueprint,Armor,GhillieHelmet,1,TRUE,,https://ark.wiki.gg/images/e/ea/Ghillie_Mask.png
Ghillie Chestpiece,Blueprint,Armor,GhillieShirt,1,TRUE,,https://ark.wiki.gg/images/4/41/Ghillie_Chestpiece.png
Ghillie Gauntlets,Blueprint,Armor,GhillieGloves,1,TRUE,,https://ark.wiki.gg/images/3/30/Ghillie_Gauntlets.png
Ghillie Leggings,Blueprint,Armor,GhilliePants,1,TRUE,,https://ark.wiki.gg/images/1/12/Ghillie_Leggings.png
Ghillie Boots,Blueprint,Armor,GhillieBoots,1,TRUE,,https://ark.wiki.gg/images/9/91/Ghillie_Boots.png
Fur Cap,Blueprint,Armor,FurHelmet,1,TRUE,,https://ark.wiki.gg/images/e/ea/Fur_Cap.png
Fur Chestpiece,Blueprint,Armor,FurShirt,1,TRUE,,https://ark.wiki.gg/images/e/e5/Fur_Chestpiece.png
Fur Gauntlets,Blueprint,Armor,FurGloves,1,TRUE,,https://ark.wiki.gg/images/3/30/Fur_Gauntlets.png
Fur Leggings,Blueprint,Armor,FurPants,1,TRUE,,https://ark.wiki.gg/images/1/12/Fur_Leggings.png
Fur Boots,Blueprint,Armor,FurBoots,1,TRUE,,https://ark.wiki.gg/images/9/91/Fur_Boots.png
Scuba Mask,Blueprint,Armor,ScubaHelmet_Goggles,1,TRUE,,https://ark.wiki.gg/images/e/ea/Scuba_Mask.png
Scuba Tank,Blueprint,Armor,ScubaShirt_SuitWithTank,1,TRUE,,https://ark.wiki.gg/images/e/ea/Scuba_Tank.png
Scuba Flippers,Blueprint,Armor,ScubaBoots_Flippers,1,TRUE,,https://ark.wiki.gg/images/9/98/Scuba_Flippers.png
Climbing Pick,Blueprint,Utility,WeaponClimbPicks,1,FALSE,,https://ark.wiki.gg/images/c/c2/Climbing_Pick.png
Charge Lantern,Blueprint,Utility,WeaponChargeLantern,1,FALSE,,https://ark.wiki.gg/images/e/ea/Charge_Lantern.png
Glider Suit Attachment,Blueprint,Utility,Glider,1,FALSE,,https://ark.wiki.gg/images/b/b3/Glider_Suit_Attachment.png
Zip-Line Motor Attachment,Blueprint,Utility,ZiplineMotor,1,FALSE,,https://ark.wiki.gg/images/b/b3/Zip-Line_Motor_Attachment.png
Tek Hover Skiff,Blueprint,Utility,HoverSkiff,1,FALSE,,https://ark.wiki.gg/images/d/d4/Tek_Hover_Skiff.png
Tek Canteen,Blueprint,Utility,TekCanteen,1,FALSE,,https://ark.wiki.gg/images/e/ea/Tek_Canteen.png
Tek Sensor,Blueprint,Utility,TekAlarm,1,FALSE,,https://ark.wiki.gg/images/4/41/Tek_Sensor.png
Loadout Mannequin,Blueprint,Utility,LoadoutMannequin,1,FALSE,,https://ark.wiki.gg/images/0/03/Loadout_Mannequin.png
Egg Incubator,Blueprint,Utility,Incubator,1,FALSE,,https://ark.wiki.gg/images/1/1a/Egg_Incubator.png
Net Projectile,Blueprint,Utility,NetAmmo,1,TRUE,,https://ark.wiki.gg/images/9/98/Net_Projectile.png
Ammo Box,Blueprint,Utility,AmmoBox,1,FALSE,,https://ark.wiki.gg/images/1/1a/Ammo_Box.png
Allosaurus Saddle,Blueprint,Saddles,PrimalItemArmor_AlloSaddle,1,TRUE,,https://ark.wiki.gg/images/0/06/Allosaurus_Saddle.png
Ankylosaurus Saddle,Blueprint/Saddle,Saddles,PrimalItemArmor_AnkyloSaddle,1,TRUE,,https://ark.wiki.gg/images/0/04/Ankylosaurus_Saddle.png
Argentavis Saddle,Blueprint/Saddle,Saddles,PrimalItemArmor_ArgentavisSaddle,1,TRUE,,https://ark.wiki.gg/images/e/e0/Argentavis_Saddle.png
Astrocetus Tek Saddle,Blueprint/Saddle,Saddles,SpaceWhaleSaddle_Tek,1,TRUE,,https://ark.wiki.gg/images/0/01/Astrocetus_Tek_Saddle.png
Astrodelphis Starwing Saddle,Blueprint/Saddle,Saddles,SpaceDolphinSaddle_Tek,1,TRUE,,https://ark.wiki.gg/images/d/df/Astrodelphis_Starwing_Saddle.png
Baryonyx Saddle,Blueprint/Saddle,Saddles,PrimalItemArmor_BaryonyxSaddle,1,TRUE,,https://ark.wiki.gg/images/7/73/Baryonyx_Saddle.png
Basilisk Saddle,Blueprint/Saddle,Saddles,BasiliskSaddle,1,TRUE,,https://ark.wiki.gg/images/e/e4/Basilisk_Saddle.png
Basilosaurus Saddle,Blueprint/Saddle,Saddles,PrimalItemArmor_BasiSaddle,1,TRUE,,https://ark.wiki.gg/images/1/11/Basilosaurus_Saddle.png
Carcharodontosaurus Saddle,Blueprint/Saddle,Saddles,PrimalItemArmor_CarchaSaddle,1,TRUE,,https://ark.wiki.gg/images/7/72/Carcharodontosaurus_Saddle.png
Carnotaurus Saddle,Blueprint/Saddle,Saddles,PrimalItemArmor_CarnoSaddle,1,TRUE,,https://ark.wiki.gg/images/6/67/Carnotaurus_Saddle.png
Daeodon Saddle,Blueprint/Saddle,Saddles,PrimalItemArmor_DaeodonSaddle,1,TRUE,,https://ark.wiki.gg/images/0/02/Daeodon_Saddle.png
Direbear Saddle,Blueprint/Saddle,Saddles,PrimalItemArmor_DireBearSaddle,1,TRUE,,https://ark.wiki.gg/images/3/36/Direbear_Saddle.png
Doedicurus Saddle,Blueprint/Saddle,Saddles,PrimalItemArmor_DoedSaddle,1,TRUE,,https://ark.wiki.gg/images/e/e4/Doedicurus_Saddle.png
Equus Saddle,Blueprint/Saddle,Saddles,PrimalItemArmor_EquusSaddle,1,TRUE,,https://ark.wiki.gg/images/4/4b/Equus_Saddle.png
Gacha Saddle,Blueprint/Saddle,Saddles,GachaSaddle,1,TRUE,,https://ark.wiki.gg/images/a/a9/Gacha_Saddle.png
Gasbags Saddle,Blueprint/Saddle,Saddles,GasBagsSaddle,1,TRUE,,https://ark.wiki.gg/images/9/93/Gasbags_Saddle.png
Giganotosaurus Saddle,Blueprint/Saddle,Saddles,PrimalItemArmor_GigantSaddle,1,TRUE,,https://ark.wiki.gg/images/e/e1/Giganotosaurus_Saddle.png
Karkinos Saddle,Blueprint/Saddle,Saddles,CrabSaddle,1,TRUE,,https://ark.wiki.gg/images/9/94/Karkinos_Saddle.png
Magmasaur Saddle,Blueprint/Saddle,Saddles,CherufeSaddle,1,TRUE,,https://ark.wiki.gg/images/b/bc/Magmasaur_Saddle.png
Mammoth Saddle,Blueprint/Saddle,Saddles,PrimalItemArmor_MammothSaddle,1,TRUE,,https://ark.wiki.gg/images/7/75/Mammoth_Saddle.png
Managarmr Saddle,Blueprint/Saddle,Saddles,IceJumperSaddle,1,TRUE,,https://ark.wiki.gg/images/d/df/Managarmr_Saddle.png
Megalodon Saddle,Blueprint/Saddle,Saddles,PrimalItemArmor_MegalodonSaddle,1,TRUE,,https://ark.wiki.gg/images/2/29/Megalodon_Saddle.png
Megatherium Saddle,Blueprint/Saddle,Saddles,PrimalItemArmor_MegatheriumSaddle,1,TRUE,,https://ark.wiki.gg/images/4/4a/Megatherium_Saddle.png
Mosasaurus Saddle,Blueprint/Saddle,Saddles,PrimalItemArmor_MosaSaddle,1,TRUE,,https://ark.wiki.gg/images/2/23/Mosasaurus_Saddle.png
Pteranodon Saddle,Blueprint/Saddle,Saddles,PrimalItemArmor_PteroSaddle,1,TRUE,,https://ark.wiki.gg/images/6/6e/Pteranodon_Saddle.png
Quetzal Saddle,Blueprint/Saddle,Saddles,PrimalItemArmor_QuetzSaddle,1,TRUE,,https://ark.wiki.gg/images/e/e2/Quetzal_Saddle.png
Ravager Saddle,Blueprint/Saddle,Saddles,CaveWolfSaddle,1,TRUE,,https://ark.wiki.gg/images/c/c5/Ravager_Saddle.png
Rex Saddle,Blueprint/Saddle,Saddles,PrimalItemArmor_RexSaddle,1,TRUE,,https://ark.wiki.gg/images/d/d2/Rex_Saddle.png
Rhyniognatha Saddle,Blueprint/Saddle,Saddles,PrimalItemArmor_RhynioSaddle,1,TRUE,,https://ark.wiki.gg/images/2/24/Rhyniognatha_Saddle.png
Rock Drake Saddle,Blueprint/Saddle,Saddles,RockDrakeSaddle,1,TRUE,,https://ark.wiki.gg/images/3/31/Rock_Drake_Saddle.png
Rock Drake Tek Saddle,Blueprint/Saddle,Saddles,RockDrakeSaddle_Tek,1,TRUE,,https://ark.wiki.gg/images/0/00/Rock_Drake_Tek_Saddle.png
Roll Rat Saddle,Blueprint/Saddle,Saddles,MolePigSaddle,1,TRUE,,https://ark.wiki.gg/images/2/22/Roll_Rat_Saddle.png
Snow Owl Saddle,Blueprint/Saddle,Saddles,OwlSaddle,1,TRUE,,https://ark.wiki.gg/images/9/92/Snow_Owl_Saddle.png
Spino Saddle,Blueprint/Saddle,Saddles,PrimalItemArmor_SpinoSaddle,1,TRUE,,https://ark.wiki.gg/images/8/86/Spino_Saddle.png
Stegosaurus Saddle,Blueprint/Saddle,Saddles,PrimalItemArmor_StegoSaddle,1,TRUE,,https://ark.wiki.gg/images/0/07/Stegosaurus_Saddle.png
Tapejara Saddle,Blueprint/Saddle,Saddles,PrimalItemArmor_TapejaraSaddle,1,TRUE,,https://ark.wiki.gg/images/4/40/Tapejara_Saddle.png
Therizinosaurus Saddle,Blueprint/Saddle,Saddles,PrimalItemArmor_TherizinosaurusSaddle,1,TRUE,,https://ark.wiki.gg/images/e/e4/Therizinosaurus_Saddle.png
Thylacoleo Saddle,Blueprint/Saddle,Saddles,PrimalItemArmor_ThylacoSaddle,1,TRUE,,https://ark.wiki.gg/images/a/a2/Thylacoleo_Saddle.png
Triceratops Saddle,Blueprint/Saddle,Saddles,PrimalItemArmor_TrikeSaddle,1,TRUE,,https://ark.wiki.gg/images/5/53/Triceratops_Saddle.png
Tusoteuthis Saddle,Blueprint/Saddle,Saddles,PrimalItemArmor_TusoSaddle,1,TRUE,,https://ark.wiki.gg/images/3/36/Tusoteuthis_Saddle.png
Velonasaur Saddle,Blueprint/Saddle,Saddles,SpindlesSaddle,1,TRUE,,https://ark.wiki.gg/images/a/a2/Velonasaur_Saddle.png
Yutyrannus Saddle,Blueprint/Saddle,Saddles,PrimalItemArmor_YutySaddle,1,TRUE,,https://ark.wiki.gg/images/8/87/Yutyrannus_Saddle.png
Maewing Saddle,Blueprint/Saddle,Saddles,MilkGliderSaddle,1,TRUE,,https://ark.wiki.gg/images/6/6e/Maewing_Saddle.png
Megachelon Platform Saddle,Blueprint/Saddle,Saddles,GiantTurtleSaddle,1,TRUE,,https://ark.wiki.gg/images/e/e2/Megachelon_Platform_Saddle.png
Bow & Eros Skin,Skin,Skin,CupidBow,1,FALSE,,https://ark.wiki.gg/wiki/File:Bow_%26_Eros_Skin.png
Cupid Couture Bottom Skin,Skin,Skin,Pants_Valentine,1,FALSE,,https://ark.wiki.gg/wiki/File:Cupid_Couture_Bottom_Skin.png
Cupid Couture Top Skin,Skin,Skin,Shirt_Valentine,1,FALSE,,https://ark.wiki.gg/wiki/File:Cupid_Couture_Top_Skin.png
Halo Headband Skin,Skin,Skin,Halo,1,FALSE,,https://ark.wiki.gg/wiki/File:Halo_Headband_Skin.png
Heart-shaped Shield Skin,Skin,Skin,Shield_Valentine,1,FALSE,,https://ark.wiki.gg/wiki/File:Heart-shaped_Shield_Skin.png
Heart-shaped Sunglasses Skin,Skin,Skin,SunGlasses_Vday,1,FALSE,,https://ark.wiki.gg/wiki/File:Heart-shaped_Sunglasses_Skin.png
Love Shackles Skin,Skin,Skin,Shackles,1,FALSE,,https://ark.wiki.gg/wiki/File:Love_Shackles_Skin.png
Odd Couple Swim Bottom Skin,Skin,Skin,SwimPants_OddCouple,1,FALSE,,https://ark.wiki.gg/wiki/File:Odd_Couple_Swim_Bottom_Skin.png
Odd Couple Swim Top Skin,Skin,Skin,SwimShirt_OddCouple,1,FALSE,,https://ark.wiki.gg/wiki/File:Odd_Couple_Swim_Top_Skin.png
Sauropod Heart Swim Bottom Skin,Skin,Skin,SwimPants_SauropodHeart,1,FALSE,,https://ark.wiki.gg/wiki/File:Sauropod_Heart_Swim_Bottom_Skin.png
Sauropod Heart Swim Top Skin,Skin,Skin,SwimShirt_SauropodHeart,1,FALSE,,https://ark.wiki.gg/wiki/File:Sauropod_Heart_Swim_Top_Skin.png
Bunny Costume Skin,Skin,Skin,BunnySuit,1,FALSE,,https://ark.wiki.gg/wiki/File:Bunny_Costume_Skin.png
Bunny Ears Skin,Skin,Skin,BunnyHat,1,FALSE,,https://ark.wiki.gg/wiki/File:Bunny_Ears_Skin.png
Bunny Tail Skin,Skin,Skin,BunnyTail,1,FALSE,,https://ark.wiki.gg/wiki/File:Bunny_Tail_Skin.png
Chocolate Rabbit Club Skin,Skin,Skin,ChocolateRabbit,1,FALSE,,https://ark.wiki.gg/wiki/File:Chocolate_Rabbit_Club_Skin.png
Dino Bunny Ears Skin,Skin,Skin,DinoBunnyHat,1,FALSE,,https://ark.wiki.gg/wiki/File:Dino_Bunny_Ears_Skin.png
Dino Easter Chick Hat Skin,Skin,Skin,DinoChickHat,1,FALSE,,https://ark.wiki.gg/wiki/File:Dino_Easter_Chick_Hat_Skin.png
Dino Easter Egg Hat Skin,Skin,Skin,DinoEasterEggHat,1,FALSE,,https://ark.wiki.gg/wiki/File:Dino_Easter_Egg_Hat_Skin.png
E4 Remote Eggsplosives Skin,Skin,Skin,C4_Easter,1,FALSE,,https://ark.wiki.gg/wiki/File:E4_Remote_Eggsplosives_Skin.png
Easter Chick Hat Skin,Skin,Skin,ChickHat,1,FALSE,,https://ark.wiki.gg/wiki/File:Easter_Chick_Hat_Skin.png
Easter Egg Hat Skin,Skin,Skin,EasterEggHat,1,FALSE,,https://ark.wiki.gg/wiki/File:Easter_Egg_Hat_Skin.png
Easter Egghead Skin,Skin,Skin,EasterEgghead,1,FALSE,,https://ark.wiki.gg/wiki/File:Easter_Egghead_Skin.png
Marshmallow Hat Skin,Skin,Skin,MarshmallowHat,1,FALSE,,https://ark.wiki.gg/wiki/File:Marshmallow_Hat_Skin.png
Procoptodon Bunny Costume,Skin,Skin,ProcopBunny,1,FALSE,,https://ark.wiki.gg/wiki/File:Procoptodon_Bunny_Costume.png
Sweet Spear Carrot Skin,Skin,Skin,Spear_Carrot,1,FALSE,,https://ark.wiki.gg/wiki/File:Sweet_Spear_Carrot_Skin.png
Alpha Raptor Swim Bottom Skin,Skin,Skin,SwimPants_AlphaRaptor,1,FALSE,,https://ark.wiki.gg/wiki/File:Alpha_Raptor_Swim_Bottom_Skin.png
Alpha Raptor Swim Top Skin,Skin,Skin,SwimShirt_AlphaRaptor,1,FALSE,,https://ark.wiki.gg/wiki/File:Alpha_Raptor_Swim_Top_Skin.png
Angler Hat Skin,Skin,Skin,AnglerHat,1,FALSE,,https://ark.wiki.gg/wiki/File:Angler_Hat_Skin.png
Bulbdog-Print Shirt Skin,Skin,Skin,HawaiianShirt_Bulbdog,1,FALSE,,https://ark.wiki.gg/wiki/File:Bulbdog-Print_Shirt_Skin.png
Cool Noglin-Print Shirt Skin,Skin,Skin,HawaiianShirt_Noglin,1,FALSE,,https://ark.wiki.gg/wiki/File:Cool_Noglin-Print_Shirt_Skin.png
Crab Fest Swim Bottom Skin,Skin,Skin,SwimPants_CrabFest,1,FALSE,,https://ark.wiki.gg/wiki/File:Crab_Fest_Swim_Bottom_Skin.png
Crab Fest Swim Top Skin,Skin,Skin,SwimShirt_CrabFest,1,FALSE,,https://ark.wiki.gg/wiki/File:Crab_Fest_Swim_Top_Skin.png
Dino Uncle Sam Hat Skin,Skin,Skin,DinoUncleSamHat,1,FALSE,,https://ark.wiki.gg/wiki/File:Dino_Uncle_Sam_Hat_Skin.png
Eel Swim Bottom Skin,Skin,Skin,SwimPants_Eel,1,FALSE,,https://ark.wiki.gg/wiki/File:Eel_Swim_Bottom_Skin.png
Eel Swim Shorts Skin,Skin,Skin,SwimPants_Eel,1,FALSE,,https://ark.wiki.gg/wiki/File:Eel_Swim_Shorts_Skin.png
Eel Swim Top Skin,Skin,Skin,SwimShirt_Eel,1,FALSE,,https://ark.wiki.gg/wiki/File:Eel_Swim_Top_Skin.png
Fish Bite Swim Bottom Skin,Skin,Skin,SwimPants_FishBite,1,FALSE,,https://ark.wiki.gg/wiki/File:Fish_Bite_Swim_Bottom_Skin.png
Fish Bite Swim Top Skin,Skin,Skin,SwimShirt_FishBite,1,FALSE,,https://ark.wiki.gg/wiki/File:Fish_Bite_Swim_Top_Skin.png
Floaty Swim Bottom Skin,Skin,Skin,SwimPants_Floaty,1,FALSE,,https://ark.wiki.gg/wiki/File:Floaty_Swim_Bottom_Skin.png
Floaty Swim Top Skin,Skin,Skin,SwimShirt_Floaty,1,FALSE,,https://ark.wiki.gg/wiki/File:Floaty_Swim_Top_Skin.png
Floral Swim Bottom Skin,Skin,Skin,SwimPants_Floral,1,FALSE,,https://ark.wiki.gg/wiki/File:Floral_Swim_Bottom_Skin.png
Floral Swim Shorts Skin,Skin,Skin,SwimPants_Floral,1,FALSE,,https://ark.wiki.gg/wiki/File:Floral_Swim_Shorts_Skin.png
Floral Swim Top Skin,Skin,Skin,SwimShirt_Floral,1,FALSE,,https://ark.wiki.gg/wiki/File:Floral_Swim_Top_Skin.png
Flying Disc Skin,Skin,Skin,Boomerang_Frisbee,1,FALSE,,https://ark.wiki.gg/wiki/File:Flying_Disc_Skin.png
Gasbags-Print Shirt Skin,Skin,Skin,HawaiianShirt_GasBags,1,FALSE,,https://ark.wiki.gg/wiki/File:Gasbags-Print_Shirt_Skin.png
Giga Poop Swim Bottom Skin,Skin,Skin,SwimPants_GigaPoop,1,FALSE,,https://ark.wiki.gg/wiki/File:Giga_Poop_Swim_Bottom_Skin.png
Giga Poop Swim Top Skin,Skin,Skin,SwimShirt_GigaPoop,1,FALSE,,https://ark.wiki.gg/wiki/File:Giga_Poop_Swim_Top_Skin.png
Grilling Spatula Skin,Skin,Skin,Club_Spatula,1,FALSE,,https://ark.wiki.gg/wiki/File:Grilling_Spatula_Skin.png
Hoversail-Print Shirt Skin,Skin,Skin,HawaiianShirt_Hoversail,1,FALSE,,https://ark.wiki.gg/wiki/File:Hoversail-Print_Shirt_Skin.png
Ice Pop-Print Shirt Skin,Skin,Skin,HawaiianShirt_IcePop,1,FALSE,,https://ark.wiki.gg/wiki/File:Ice_Pop-Print_Shirt_Skin.png
Ichthy Island Swim Bottom Skin,Skin,Skin,SwimPants_IchthyIsland,1,FALSE,,https://ark.wiki.gg/wiki/File:Ichthy_Island_Swim_Bottom_Skin.png
Ichthy Isles Swim Top Skin,Skin,Skin,SwimShirt_IchthyIsland,1,FALSE,,https://ark.wiki.gg/wiki/File:Ichthy_Isles_Swim_Top_Skin.png
Inflatable Rex Costume Skin,Skin,Skin,InflatableRex,1,FALSE,,https://ark.wiki.gg/wiki/File:Inflatable_Rex_Costume_Skin.png
Jellyfish Swim Shorts Skin,Skin,Skin,SwimPants_Jellyfish,1,FALSE,,https://ark.wiki.gg/wiki/File:Jellyfish_Swim_Shorts_Skin.png
Jellyfish Swim Top Skin,Skin,Skin,SwimShirt_Jellyfish,1,FALSE,,https://ark.wiki.gg/wiki/File:Jellyfish_Swim_Top_Skin.png
Retro Sunglasses Skin,Skin,Skin,RetroSunglasses,1,FALSE,,https://ark.wiki.gg/wiki/File:Retro_Sunglasses_Skin.png
Sea Life-Print Shirt Skin,Skin,Skin,HawaiianShirt_SeaLife,1,FALSE,,https://ark.wiki.gg/wiki/File:Sea_Life-Print_Shirt_Skin.png
Shadowmane Fishing-Print Shirt Skin,Skin,Skin,HawaiianShirt_Shadowmane,1,FALSE,,https://ark.wiki.gg/wiki/File:Shadowmane_Fishing-Print_Shirt_Skin.png
Sunglasses Skin,Skin,Skin,SunGlasses,1,FALSE,,https://ark.wiki.gg/wiki/File:Sunglasses_Skin.png
T-Rex Swim Bottom Skin,Skin,Skin,SwimPants_TRex,1,FALSE,,https://ark.wiki.gg/wiki/File:T-Rex_Swim_Bottom_Skin.png
T-Rex Swim Top Skin,Skin,Skin,SwimShirt_TRex,1,FALSE,,https://ark.wiki.gg/wiki/File:T-Rex_Swim_Top_Skin.png
Uncle Sam Hat Skin,Skin,Skin,UncleSamHat,1,FALSE,,https://ark.wiki.gg/wiki/File:Uncle_Sam_Hat_Skin.png
Water Soaker Skin,Skin,Skin,WaterSoaker,1,FALSE,,https://ark.wiki.gg/wiki/File:Water_Soaker_Skin.png
Araneo Swim Bottom Skin,Skin,Skin,SwimPants_Araneo,1,FALSE,,https://ark.wiki.gg/wiki/File:Araneo_Swim_Bottom_Skin.png
Araneo Swim Top Skin,Skin,Skin,SwimShirt_Araneo,1,FALSE,,https://ark.wiki.gg/wiki/File:Araneo_Swim_Top_Skin.png
Basilisk Ghost Costume,Skin,Skin,GhostBasilisk,1,FALSE,,https://ark.wiki.gg/wiki/File:Basilisk_Ghost_Costume.png
Bronto Bone Costume,Skin,Skin,BoneSauro,1,FALSE,,https://ark.wiki.gg/wiki/File:Bronto_Bone_Costume.png
Bulbdog Ghost Costume,Skin,Skin,GhostLanternPug,1,FALSE,,https://ark.wiki.gg/wiki/File:Bulbdog_Ghost_Costume.png
Carno Bone Costume,Skin,Skin,BoneCarno,1,FALSE,,https://ark.wiki.gg/wiki/File:Carno_Bone_Costume.png
Clown Mask Skin,Skin,Skin,ClownMask,1,FALSE,,https://ark.wiki.gg/wiki/File:Clown_Mask_Skin.png
Dino Witch Hat Skin,Skin,Skin,DinoWitchHat,1,FALSE,,https://ark.wiki.gg/wiki/File:Dino_Witch_Hat_Skin.png
Direwolf Ghost Costume,Skin,Skin,GhostDirewolf,1,FALSE,,https://ark.wiki.gg/wiki/File:Direwolf_Ghost_Costume.png
DodoRex Mask Skin,Skin,Skin,DodoRexMask,1,FALSE,,https://ark.wiki.gg/wiki/File:DodoRex_Mask_Skin.png
DodoWyvern Mask Skin,Skin,Skin,DodoWyvernMask,1,FALSE,,https://ark.wiki.gg/wiki/File:DodoWyvern_Mask_Skin.png
Giganotosaurus Bone Costume,Skin,Skin,BoneGigant,1,FALSE,,https://ark.wiki.gg/wiki/File:Giganotosaurus_Bone_Costume.png
Headless Costume Skin,Skin,Skin,FE_HeadlessHat,1,FALSE,,https://ark.wiki.gg/wiki/File:Headless_Costume_Skin.png
Hockey Mask Skin,Skin,Skin,HockeyMask,1,FALSE,,https://ark.wiki.gg/wiki/File:Hockey_Mask_Skin.png
Jack-O-Lantern Swim Bottom Skin,Skin,Skin,SwimPants_Pumpkin,1,FALSE,,https://ark.wiki.gg/wiki/File:Jack-O-Lantern_Swim_Bottom_Skin.png
Jack-O-Lantern Swim Short Skin,Skin,Skin,SwimPants_Pumpkin,1,FALSE,,https://ark.wiki.gg/wiki/File:Jack-O-Lantern_Swim_Short_Skin.png
Jack-O-Lantern Swim Top Skin,Skin,Skin,SwimShirt_Pumpkin,1,FALSE,,https://ark.wiki.gg/wiki/File:Jack-O-Lantern_Swim_Top_Skin.png
Jack-O-Lantern-Print Shirt Skin,Skin,Skin,HawaiianShirt_Pumpkin,1,FALSE,,https://ark.wiki.gg/wiki/File:Jack-O-Lantern-Print_Shirt_Skin.png
Jerboa Bone Costume,Skin,Skin,BoneJerboa,1,FALSE,,https://ark.wiki.gg/wiki/File:Jerboa_Bone_Costume.png
Mantis Ghost Costume,Skin,Skin,GhostMantis,1,FALSE,,https://ark.wiki.gg/wiki/File:Mantis_Ghost_Costume.png
Onyc Swim Bottom Skin,Skin,Skin,SwimPants_Onyc,1,FALSE,,https://ark.wiki.gg/wiki/File:Onyc_Swim_Bottom_Skin.png
Onyc Swim Top Skin,Skin,Skin,SwimShirt_Onyc,1,FALSE,,https://ark.wiki.gg/wiki/File:Onyc_Swim_Top_Skin.png
Quetzalcoatlus Bone Costume,Skin,Skin,BoneQuetz,1,FALSE,,https://ark.wiki.gg/wiki/File:Quetzalcoatlus_Bone_Costume.png
Raptor Bone Costume,Skin,Skin,BoneRaptor,1,FALSE,,https://ark.wiki.gg/wiki/File:Raptor_Bone_Costume.png
Reaper Ghost Costume,Skin,Skin,GhostReaper,1,FALSE,,https://ark.wiki.gg/wiki/File:Reaper_Ghost_Costume.png
Reaper Swim Bottom Skin,Skin,Skin,SwimPants_Reaper,1,FALSE,,https://ark.wiki.gg/wiki/File:Reaper_Swim_Bottom_Skin.png
Reaper Swim Top Skin,Skin,Skin,SwimShirt_Reaper,1,FALSE,,https://ark.wiki.gg/wiki/File:Reaper_Swim_Top_Skin.png
Reaper-Print Shirt Skin,Skin,Skin,HawaiianShirt_Reaper,1,FALSE,,https://ark.wiki.gg/wiki/File:Reaper-Print_Shirt_Skin.png
Rex Bone Costume,Skin,Skin,BoneRex,1,FALSE,,https://ark.wiki.gg/wiki/File:Rex_Bone_Costume.png
Rex Bone Helmet Skin,Skin,Skin,BoneRexHelmet,1,FALSE,,https://ark.wiki.gg/wiki/File:Rex_Bone_Helmet_Skin.png
Rex Ghost Costume,Skin,Skin,GhostRex,1,FALSE,,https://ark.wiki.gg/wiki/File:Rex_Ghost_Costume.png
Scary Dino Pumpkin Helmet Skin,Skin,Skin,DinoScaryPumpkinHelmet,1,FALSE,,https://ark.wiki.gg/wiki/File:Scary_Dino_Pumpkin_Helmet_Skin.png
Scary Pumpkin Helmet Skin,Skin,Skin,ScaryPumpkinHelmet,1,FALSE,,https://ark.wiki.gg/wiki/File:Scary_Pumpkin_Helmet_Skin.png
Skeleton Costume Skin,Skin,Skin,FE_SkeletonSuit,1,FALSE,,https://ark.wiki.gg/wiki/File:Skeleton_Costume_Skin.png
Skelly-Print Shirt Skin,Skin,Skin,HawaiianShirt_Skeleton,1,FALSE,,https://ark.wiki.gg/wiki/File:Skelly-Print_Shirt_Skin.png
Snow Owl Ghost Costume,Skin,Skin,GhostOwl,1,FALSE,,https://ark.wiki.gg/wiki/File:Snow_Owl_Ghost_Costume.png
Stego Bone Costume,Skin,Skin,BoneStego,1,FALSE,,https://ark.wiki.gg/wiki/File:Stego_Bone_Costume.png
Strawman Costume Skin,Skin,Skin,StrawmanHat,1,FALSE,,https://ark.wiki.gg/wiki/File:Strawman_Costume_Skin.png
Tentacle-Print Shirt Skin,Skin,Skin,HawaiianShirt_Tentacle,1,FALSE,,https://ark.wiki.gg/wiki/File:Tentacle-Print_Shirt_Skin.png
Trike Bone Costume,Skin,Skin,BoneTrike,1,FALSE,,https://ark.wiki.gg/wiki/File:Trike_Bone_Costume.png
Trike Bone Helmet Skin,Skin,Skin,BoneTrikeHelmet,1,FALSE,,https://ark.wiki.gg/wiki/File:Trike_Bone_Helmet_Skin.png
Vampire Dodo Swim Bottom Skin,Skin,Skin,SwimPants_VampireDodo,1,FALSE,,https://ark.wiki.gg/wiki/File:Vampire_Dodo_Swim_Bottom_Skin.png
Vampire Dodo Swim Top Skin,Skin,Skin,SwimShirt_VampireDodo,1,FALSE,,https://ark.wiki.gg/wiki/File:Vampire_Dodo_Swim_Top_Skin.png
Vampire Eyes Skin,Skin,Skin,VampireEyes,1,FALSE,,https://ark.wiki.gg/wiki/File:Vampire_Eyes_Skin.png
Werewolf Mask Skin,Skin,Skin,WerewolfMask,1,FALSE,,https://ark.wiki.gg/wiki/File:Werewolf_Mask_Skin.png
Witch Hat Skin,Skin,Skin,WitchHat,1,FALSE,,https://ark.wiki.gg/wiki/File:Witch_Hat_Skin.png
Wyvern Bone Costume,Skin,Skin,BoneWyvern,1,FALSE,,https://ark.wiki.gg/wiki/File:Wyvern_Bone_Costume.png
ZombDodo-Print Shirt Skin,Skin,Skin,HawaiianShirt_ZombDodo,1,FALSE,,https://ark.wiki.gg/wiki/File:ZombDodo-Print_Shirt_Skin.png
Zombie Wyvern-Print Shirt Skin,Skin,Skin,HawaiianShirt_ZombieWyvern,1,FALSE,,https://ark.wiki.gg/wiki/File:Zombie_Wyvern-Print_Shirt_Skin.png
Bonnet Hat Skin,Skin,Skin,BonnetHat,1,FALSE,,https://ark.wiki.gg/wiki/File:Bonnet_Hat_Skin.png
Chieftan Hat Skin,Skin,Skin,ChieftanHat,1,FALSE,,https://ark.wiki.gg/wiki/File:Chieftan_Hat_Skin.png
Dodo Pie Swim Bottom Skin,Skin,Skin,SwimPants_DodoPie,1,FALSE,,https://ark.wiki.gg/wiki/File:Dodo_Pie_Swim_Bottom_Skin.png
Dodo Pie Swim Top Skin,Skin,Skin,SwimShirt_DodoPie,1,FALSE,,https://ark.wiki.gg/wiki/File:Dodo_Pie_Swim_Top_Skin.png
Meat Swim Bottom Skin,Skin,Skin,SwimPants_Meat,1,FALSE,,https://ark.wiki.gg/wiki/File:Meat_Swim_Bottom_Skin.png
Meat Swim Top Skin,Skin,Skin,SwimShirt_Meat,1,FALSE,,https://ark.wiki.gg/wiki/File:Meat_Swim_Top_Skin.png
Murder Turkey Swim Bottom Skin,Skin,Skin,SwimPants_MurderTurkey,1,FALSE,,https://ark.wiki.gg/wiki/File:Murder_Turkey_Swim_Bottom_Skin.png
Murder Turkey Swim Top Skin,Skin,Skin,SwimShirt_MurderTurkey,1,FALSE,,https://ark.wiki.gg/wiki/File:Murder_Turkey_Swim_Top_Skin.png
Pilgrim Hat Skin,Skin,Skin,PilgrimHat,1,FALSE,,https://ark.wiki.gg/wiki/File:Pilgrim_Hat_Skin.png
Pitchfork Skin,Skin,Skin,Pitchfork,1,FALSE,,https://ark.wiki.gg/wiki/File:Pitchfork_Skin.png
Turkey Costume Skin,Skin,Skin,TurkeySuit,1,FALSE,,https://ark.wiki.gg/wiki/File:Turkey_Costume_Skin.png
Turkey Hat Skin,Skin,Skin,TurkeyHat,1,FALSE,,https://ark.wiki.gg/wiki/File:Turkey_Hat_Skin.png
Turkey Leg Skin,Skin,Skin,TurkeyLeg,1,FALSE,,https://ark.wiki.gg/wiki/File:Turkey_Leg_Skin.png
Turkey Swim Bottom Skin,Skin,Skin,SwimPants_Turkey,1,FALSE,,https://ark.wiki.gg/wiki/File:Turkey_Swim_Bottom_Skin.png
Turkey Swim Top Skin,Skin,Skin,SwimShirt_Turkey,1,FALSE,,https://ark.wiki.gg/wiki/File:Turkey_Swim_Top_Skin.png
Ugly Cornucopia Sweater Skin,Skin,Skin,Sweater_Cornucopia,1,FALSE,,https://ark.wiki.gg/wiki/File:Ugly_Cornucopia_Sweater_Skin.png
Ugly Dodo's Revenge Sweater Skin,Skin,Skin,Sweater_DodosRevenge,1,FALSE,,https://ark.wiki.gg/wiki/File:Ugly_Dodo%27s_Revenge_Sweater_Skin.png
Ugly Foliage Friends Sweater Skin,Skin,Skin,Sweater_FoliageFriends,1,FALSE,,https://ark.wiki.gg/wiki/File:Ugly_Foliage_Friends_Sweater_Skin.png
Ugly Trike Sweater Skin,Skin,Skin,Sweater_Trike,1,FALSE,,https://ark.wiki.gg/wiki/File:Ugly_Trike_Sweater_Skin.png
Ugly Turkey Target Sweater Skin,Skin,Skin,Sweater_TurkeyTarget,1,FALSE,,https://ark.wiki.gg/wiki/File:Ugly_Turkey_Target_Sweater_Skin.png
Blue-Ball Winter Beanie Skin,Skin,Skin,WinterHat_BlueBall,1,FALSE,,https://ark.wiki.gg/wiki/File:Blue-Ball_Winter_Beanie_Skin.png
Candy Cane Club Skin,Skin,Skin,CandyCane,1,FALSE,,https://ark.wiki.gg/wiki/File:Candy_Cane_Club_Skin.png
Christmas Bola Skin,Skin,Skin,WW_Xmas_Bola,1,FALSE,,https://ark.wiki.gg/wiki/File:Christmas_Bola_Skin.png
Dino Ornament Swim Bottom Skin,Skin,Skin,SwimPants_DinoOrnament,1,FALSE,,https://ark.wiki.gg/wiki/File:Dino_Ornament_Swim_Bottom_Skin.png
Dino Ornament Swim Top Skin,Skin,Skin,SwimShirt_DinoOrnament,1,FALSE,,https://ark.wiki.gg/wiki/File:Dino_Ornament_Swim_Top_Skin.png
Dino Santa Hat Skin,Skin,Skin,DinoSantaHat,1,FALSE,,https://ark.wiki.gg/wiki/File:Dino_Santa_Hat_Skin.png
Felt Reindeer Antlers Skin,Skin,Skin,Antlers,1,FALSE,,https://ark.wiki.gg/wiki/File:Felt_Reindeer_Antlers_Skin.png
Gray-Ball Winter Beanie Skin,Skin,Skin,WinterHat_GrayBall,1,FALSE,,https://ark.wiki.gg/wiki/File:Gray-Ball_Winter_Beanie_Skin.png
Green-Ball Winter Beanie Skin,Skin,Skin,WinterHat_GreenBall,1,FALSE,,https://ark.wiki.gg/wiki/File:Green-Ball_Winter_Beanie_Skin.png
HLN-A Winter Beanie Skin,Skin,Skin,WinterHat_HLNA,1,FALSE,,https://ark.wiki.gg/wiki/File:HLN-A_Winter_Beanie_Skin.png
Jerboa Wreath Swim Bottom Skin,Skin,Skin,SwimPants_JerboaWreath,1,FALSE,,https://ark.wiki.gg/wiki/File:Jerboa_Wreath_Swim_Bottom_Skin.png
Jerboa Wreath Swim Top Skin,Skin,Skin,SwimShirt_JerboaWreath,1,FALSE,,https://ark.wiki.gg/wiki/File:Jerboa_Wreath_Swim_Top_Skin.png
Megaloceros Reindeer Costume,Skin,Skin,Reindeer,1,FALSE,,https://ark.wiki.gg/wiki/File:Megaloceros_Reindeer_Costume.png
Noglin Regift Winter Beanie Skin,Skin,Skin,WinterHat_NoglinRegift,1,FALSE,,https://ark.wiki.gg/wiki/File:Noglin_Regift_Winter_Beanie_Skin.png
Noglin Swim Bottom Skin,Skin,Skin,SwimPants_Noglin,1,FALSE,,https://ark.wiki.gg/wiki/File:Noglin_Swim_Bottom_Skin.png
Noglin Swim Top Skin,Skin,Skin,SwimShirt_Noglin,1,FALSE,,https://ark.wiki.gg/wiki/File:Noglin_Swim_Top_Skin.png
Nutcracker Slingshot Skin,Skin,Skin,Nutcracker,1,FALSE,,https://ark.wiki.gg/wiki/File:Nutcracker_Slingshot_Skin.png
Purple-Ball Winter Beanie Skin,Skin,Skin,WinterHat_PurpleBall,1,FALSE,,https://ark.wiki.gg/wiki/File:Purple-Ball_Winter_Beanie_Skin.png
Purple-Ball Winter Beanie Skin (Winter Wonderland 5),Skin,Skin,WinterHat_PurpleBall,1,FALSE,,https://ark.wiki.gg/wiki/File:Purple-Ball_Winter_Beanie_Skin.png
Raptor Sleighing Winter Beanie Skin,Skin,Skin,WinterHat_RaptorSleigh,1,FALSE,,https://ark.wiki.gg/wiki/File:Raptor_Sleighing_Winter_Beanie_Skin.png
Red-Ball Winter Beanie Skin,Skin,Skin,WinterHat_RedBall,1,FALSE,,https://ark.wiki.gg/wiki/File:Red-Ball_Winter_Beanie_Skin.png
Santa Costume Skin,Skin,Skin,Santa,1,FALSE,,https://ark.wiki.gg/wiki/File:Santa_Costume_Skin.png
Santa Hat Skin,Skin,Skin,SantaHat,1,FALSE,,https://ark.wiki.gg/wiki/File:Santa_Hat_Skin.png
Snowy Winter Beanie Skin,Skin,Skin,WinterHat_Snowy,1,FALSE,,https://ark.wiki.gg/wiki/File:Snowy_Winter_Beanie_Skin.png
Ugly Bronto Sweater Skin,Skin,Skin,Sweater_Bronto,1,FALSE,,https://ark.wiki.gg/wiki/File:Ugly_Bronto_Sweater_Skin.png
Ugly Bulbdog Sweater Skin,Skin,Skin,Sweater_Bulbdog,1,FALSE,,https://ark.wiki.gg/wiki/File:Ugly_Bulbdog_Sweater_Skin.png
Ugly Carno Sweater Skin,Skin,Skin,Sweater_Carno,1,FALSE,,https://ark.wiki.gg/wiki/File:Ugly_Carno_Sweater_Skin.png
Ugly Caroling Sweater Skin,Skin,Skin,Sweater_Caroling,1,FALSE,,https://ark.wiki.gg/wiki/File:Ugly_Caroling_Sweater_Skin.png
Ugly Chibi Sweater Skin,Skin,Skin,Sweater_Chibi,1,FALSE,,https://ark.wiki.gg/wiki/File:Ugly_Chibi_Sweater_Skin.png
Ugly Noglin Regift Sweater Skin,Skin,Skin,Sweater_NoglinRegift,1,FALSE,,https://ark.wiki.gg/wiki/File:Ugly_Noglin_Regift_Sweater_Skin.png
Ugly Raptor Claws Sweater Skin,Skin,Skin,Sweater_RaptorClaws,1,FALSE,,https://ark.wiki.gg/wiki/File:Ugly_Raptor_Claws_Sweater_Skin.png
Ugly Rockwell Sweater Skin,Skin,Skin,Sweater_Rockwell,1,FALSE,,https://ark.wiki.gg/wiki/File:Ugly_Rockwell_Sweater_Skin.png
Ugly T-Rex Sweater Skin,Skin,Skin,Sweater_TRex,1,FALSE,,https://ark.wiki.gg/wiki/File:Ugly_T-Rex_Sweater_Skin.png
Yeti Swim Bottom Skin,Skin,Skin,SwimPants_Yeti,1,FALSE,,https://ark.wiki.gg/wiki/File:Yeti_Swim_Bottom_Skin.png
Yeti Swim Top Skin,Skin,Skin,SwimShirt_Yeti,1,FALSE,,https://ark.wiki.gg/wiki/File:Yeti_Swim_Top_Skin.png
Top Hat Skin,Skin,Skin,TopHat,1,FALSE,,https://ark.wiki.gg/wiki/File:Top_Hat_Skin.png
Brachiosaurus Costume,Skin,Skin,Costume_Brachiosaurus,1,FALSE,,https://ark.wiki.gg/wiki/File:Brachiosaurus_Costume.png
Dilo Mask Skin,Skin,Skin,DiloMask,1,FALSE,,https://ark.wiki.gg/wiki/File:Dilo_Mask_Skin.png
Stygimoloch Costume,Skin,Skin,Costume_Stygimoloch,1,FALSE,,https://ark.wiki.gg/wiki/File:Stygimoloch_Costume.png
Styracosaurus Costume,Skin,Skin,Costume_Styracosaurus,1,FALSE,,https://ark.wiki.gg/wiki/File:Styracosaurus_Costume.png
Fireworks Flaregun Skin,Skin,Skin,Flaregun_Fireworks,1,FALSE,,https://ark.wiki.gg/wiki/File:Fireworks_Flaregun_Skin.png
Fireworks Rocket Launcher Skin,Skin,Skin,RocketLauncher_Fireworks,1,FALSE,,https://ark.wiki.gg/wiki/File:Fireworks_Rocket_Launcher_Skin.png
Torch Sparkler Skin,Skin,Skin,TorchSparkler,1,FALSE,,https://ark.wiki.gg/wiki/File:Torch_Sparkler_Skin.png
Santiago's Axe Skin,Skin,Skin,SantiagoAxe,1,FALSE,,https://ark.wiki.gg/wiki/File:Santiago%27s_Axe_Skin.png
Santiago's Spear Skin,Skin,Skin,SantiagoSpear,1,FALSE,,https://ark.wiki.gg/wiki/File:Santiago%27s_Spear_Skin.png
Giga Bionic Costume,Costume,Costume,BionicGigant,1,FALSE,,https://ark.wiki.gg/wiki/File:Giga_Bionic_Costume.png
Rex Bionic Costume,Costume,Costume,BionicRex,1,FALSE,,https://ark.wiki.gg/wiki/File:Rex_Bionic_Costume.png
Mosasaurus Bionic Costume,Costume,Costume,BionicMosa,1,FALSE,,https://ark.wiki.gg/wiki/File:Mosasaurus_Bionic_Costume.png
Parasaur Bionic Costume,Costume,Costume,BionicPara,1,FALSE,,https://ark.wiki.gg/wiki/File:Parasaur_Bionic_Costume.png
Quetzal Bionic Costume,Costume,Costume,BionicQuetz,1,FALSE,,https://ark.wiki.gg/wiki/File:Quetzal_Bionic_Costume.png
Raptor Bionic Costume,Costume,Costume,BionicRaptor,1,FALSE,,https://ark.wiki.gg/wiki/File:Raptor_Bionic_Costume.png
Stegosaurus Bionic Costume,Costume,Costume,BionicStego,1,FALSE,,https://ark.wiki.gg/wiki/File:Stegosaurus_Bionic_Costume.png
Triceratops Bionic Costume,Costume,Costume,BionicTrike,1,FALSE,,https://ark.wiki.gg/wiki/File:Triceratops_Bionic_Costume.png
Air Drums Emote,Emote,Emote,UnlockEmote_AirDrums,1,FALSE,,https://ark.wiki.gg/wiki/File:Air_Drums_Emote.png
Air Guitar Emote,Emote,Emote,UnlockEmote_AirGuitar,1,FALSE,,https://ark.wiki.gg/wiki/File:Air_Guitar_Emote.png
Archer Flex Emote,Emote,Emote,UnlockEmote_ArcherFlex,1,FALSE,,https://ark.wiki.gg/wiki/File:Archer_Flex_Emote.png
Belly Rub Emote,Emote,Emote,UnlockEmote_BellyRub,1,FALSE,,https://ark.wiki.gg/wiki/File:Belly_Rub_Emote.png
Bicep Smooch Emote,Emote,Emote,UnlockEmote_BicepSmooch,1,FALSE,,https://ark.wiki.gg/wiki/File:Bicep_Smooch_Emote.png
Bunny Hop Dance Emote,Emote,Emote,UnlockEmote_BunnyHop,1,FALSE,,https://ark.wiki.gg/wiki/File:Bunny_Hop_Dance_Emote.png
Caroling Emote,Emote,Emote,UnlockEmote_Caroling,1,FALSE,,https://ark.wiki.gg/wiki/File:Caroling_Emote.png
Dance Emote,Emote,Emote,UnlockEmote_Dance,1,FALSE,,https://ark.wiki.gg/wiki/File:Dance_Emote.png
Evil Emote,Emote,Emote,UnlockEmote_Evil,1,FALSE,,https://ark.wiki.gg/wiki/File:Evil_Emote.png
Flip In Place Emote,Emote,Emote,UnlockEmote_FlipInPlace,1,FALSE,,https://ark.wiki.gg/wiki/File:Flip_In_Place_Emote.png
Flirty Emote,Emote,Emote,UnlockEmote_Flirty,1,FALSE,,https://ark.wiki.gg/wiki/File:Flirty_Emote.png
Food Coma Emote,Emote,Emote,UnlockEmote_FoodComa,1,FALSE,,https://ark.wiki.gg/wiki/File:Food_Coma_Emote.png
Happy Clap Emote,Emote,Emote,UnlockEmote_HappyClap,1,FALSE,,https://ark.wiki.gg/wiki/File:Happy_Clap_Emote.png
Heart Emote,Emote,Emote,UnlockEmote_Heart,1,FALSE,,https://ark.wiki.gg/wiki/File:Heart_Emote.png
Hula Dance Emote,Emote,Emote,UnlockEmote_HulaDance,1,FALSE,,https://ark.wiki.gg/wiki/File:Hula_Dance_Emote.png
Hungry Emote,Emote,Emote,UnlockEmote_Hungry,1,FALSE,,https://ark.wiki.gg/wiki/File:Hungry_Emote.png
Knock Emote,Emote,Emote,UnlockEmote_Knock,1,FALSE,,https://ark.wiki.gg/wiki/File:Knock_Emote.png
Mosh Pit Emote,Emote,Emote,UnlockEmote_MoshPit,1,FALSE,,https://ark.wiki.gg/wiki/File:Mosh_Pit_Emote.png
Nutcracker Dance Emote,Emote,Emote,UnlockEmote_Nutcracker,1,FALSE,,https://ark.wiki.gg/wiki/File:Nutcracker_Dance_Emote.png
Panic Emote,Emote,Emote,UnlockEmote_Panic,1,FALSE,,https://ark.wiki.gg/wiki/File:Panic_Emote.png
Santa Emote,Emote,Emote,UnlockEmote_Santa,1,FALSE,,https://ark.wiki.gg/wiki/File:Santa_Emote.png
Scare Emote,Emote,Emote,UnlockEmote_Scare,1,FALSE,,https://ark.wiki.gg/wiki/File:Scare_Emote.png
Self Hug Emote,Emote,Emote,UnlockEmote_SelfHug,1,FALSE,,https://ark.wiki.gg/wiki/File:Self_Hug_Emote.png
Snowball Emote,Emote,Emote,UnlockEmote_Snowball,1,FALSE,,https://ark.wiki.gg/wiki/File:Snowball_Emote.png
Tail Wiggle Emote,Emote,Emote,UnlockEmote_TailWiggle,1,FALSE,,https://ark.wiki.gg/wiki/File:Tail_Wiggle_Emote.png
Turkey Emote,Emote,Emote,UnlockEmote_Turkey,1,FALSE,,https://ark.wiki.gg/wiki/File:Turkey_Emote.png
Zombie Emote,Emote,Emote,UnlockEmote_Zombie,1,FALSE,,https://ark.wiki.gg/wiki/File:Zombie_Emote.png
Sit Emote,Emote,Emote,"giveitem ""Blueprint'/Game/PrimalEarth/CoreBlueprints/Items/Consumables/Emotes/PrimalItemConsumable_UnlockEmote_Sit.PrimalItemConsumable_UnlockEmote_Sit'""",1,FALSE,,https://ark.wiki.gg/wiki/File:Sit_Emote.png
This Big Emote,Emote,Emote,"giveitem ""Blueprint'/Game/PrimalEarth/CoreBlueprints/Items/Consumables/Emotes/PrimalItemConsumable_UnlockEmote_ThisBig.PrimalItemConsumable_UnlockEmote_ThisBig'""",1,FALSE,,https://ark.wiki.gg/wiki/File:This_Big_Emote.png
Mohawk,Hairstyle,Hairstyle,"GiveItem ""Blueprint'/Game/PrimalEarth/CoreBlueprints/Items/Consumables/BaseBPs/PrimalItemConsumable_UnlockHair_Head_Mohawk.PrimalItemConsumable_UnlockHair_Head_Mohawk'""",1,FALSE,,https://ark.wiki.gg/wiki/File:Mohawk.png
Romantic ,Hairstyle,Hairstyle,"GiveItem ""Blueprint'/Game/PrimalEarth/CoreBlueprints/Items/Consumables/BaseBPs/PrimalItemConsumable_UnlockHairstyle_Head_Romantic.PrimalItemConsumable_UnlockHairstyle_Head_Romantic'""",1,FALSE,,https://ark.wiki.gg/wiki/File:Romantic.png
Afro,Hairstyle,Hairstyle,"GiveItem ""Blueprint'/Game/PrimalEarth/CoreBlueprints/Items/Consumables/BaseBPs/PrimalItemConsumable_UnlockHair_Head_Afro.PrimalItemConsumable_UnlockHair_Head_Afro'""",1,FALSE,,https://ark.wiki.gg/wiki/File:Afro.png
Dreadlock,Hairstyle,Hairstyle,"GiveItem ""Blueprint'/Game/PrimalEarth/CoreBlueprints/Items/Consumables/BaseBPs/PrimalItemConsumable_UnlockHair_Head_Dreadlocks.PrimalItemConsumable_UnlockHair_Head_Dreadlocks'""",1,FALSE,,https://ark.wiki.gg/wiki/File:Dreadlock.png
Ponytail,Hairstyle,Hairstyle,"GiveItem ""Blueprint'/Game/PrimalEarth/CoreBlueprints/Items/Consumables/BaseBPs/PrimalItemConsumable_UnlockHair_Head_Ponytail.PrimalItemConsumable_UnlockHair_Head_Ponytail'""",1,FALSE,,https://ark.wiki.gg/wiki/File:Ponytail.png
Braids,Hairstyle,Hairstyle,"GiveItem ""Blueprint'/Game/PrimalEarth/CoreBlueprints/Items/Consumables/BaseBPs/PrimalItemConsumable_UnlockHair_Head_Braids.PrimalItemConsumable_UnlockHair_Head_Braids'""",1,FALSE,,https://ark.wiki.gg/wiki/File:Braids.png
Viking,Hairstyle,Hairstyle,"GiveItem ""Blueprint'/Game/PrimalEarth/CoreBlueprints/Items/Consumables/BaseBPs/PrimalItemConsumable_UnlockHair_Head_Viking.PrimalItemConsumable_UnlockHair_Head_Viking'""",1,FALSE,,https://ark.wiki.gg/wiki/File:Viking.png
Moustache ,Facial Hairstyle,Facial Hairstyle,"giveitem ""Blueprint'/Game/PrimalEarth/CoreBlueprints/Items/Consumables/BaseBPs/PrimalItemConsumable_UnlockHair_Facial_Moustache.PrimalItemConsumable_UnlockHair_Facial_Moustache'""",1,FALSE,,https://ark.wiki.gg/wiki/File:Moustache.png
Goatee ,Facial Hairstyle,Facial Hairstyle,"giveitem ""Blueprint'/Game/PrimalEarth/CoreBlueprints/Items/Consumables/BaseBPs/PrimalItemConsumable_UnlockHair_Facial_Goatee.PrimalItemConsumable_UnlockHair_Facial_Goatee'""",1,FALSE,,https://ark.wiki.gg/wiki/File:Goatee.png
Romantic Beard,Facial Hairstyle,Facial Hairstyle,"giveitem ""Blueprint'/Game/PrimalEarth/CoreBlueprints/Items/Consumables/BaseBPs/PrimalItemConsumable_UnlockHairstyle_Facial_Romantic.PrimalItemConsumable_UnlockHairstyle_Facial_Romantic'""",1,FALSE,,https://ark.wiki.gg/wiki/File:Romantic.png
Dread Beard ,Facial Hairstyle,Facial Hairstyle,"giveitem ""Blueprint'/Game/PrimalEarth/CoreBlueprints/Items/Consumables/BaseBPs/PrimalItemConsumable_UnlockHair_Facial_Dreadbeard.PrimalItemConsumable_UnlockHair_Facial_Dreadbeard'""",1,FALSE,,https://ark.wiki.gg/wiki/File:Dread_Beard.png
Mutton Chops,Facial Hairstyle,Facial Hairstyle,"giveitem ""Blueprint'/Game/PrimalEarth/CoreBlueprints/Items/Consumables/BaseBPs/PrimalItemConsumable_UnlockHair_Facial_MuttonChops.PrimalItemConsumable_UnlockHair_Facial_MuttonChops'""",1,FALSE,,https://ark.wiki.gg/wiki/File:Mutton_Chops.png
Curly Beard,Facial Hairstyle,Facial Hairstyle,"giveitem ""Blueprint'/Game/PrimalEarth/CoreBlueprints/Items/Consumables/BaseBPs/PrimalItemConsumable_UnlockHair_Facial_CurlyBeard.PrimalItemConsumable_UnlockHair_Facial_CurlyBeard'""",1,FALSE,,https://ark.wiki.gg/wiki/File:Curly_Beard.png
Viking Beard,Facial Hairstyle,Facial Hairstyle,"giveitem ""Blueprint'/Game/PrimalEarth/CoreBlueprints/Items/Consumables/BaseBPs/PrimalItemConsumable_UnlockHair_Facial_VikingBeard.PrimalItemConsumable_UnlockHair_Facial_VikingBeard'""",1,FALSE,,https://ark.wiki.gg/wiki/File:Viking_Beard.png
Overseer Gamma,BossGamma,Boss,summon Ascensionteleporter_easy_c,1,FALSE,,https://ark.wiki.gg/wiki/File:Overseer_Gamma.png
Overseer Beta,BossBeta,Boss,summon Ascensionteleporter_medium_c,1,FALSE,,https://ark.wiki.gg/wiki/File:Overseer_Beta.png
Overseer Alpha,BossAlpha,Boss,summon Ascensionteleporter_hard_c,1,FALSE,,https://ark.wiki.gg/wiki/File:Overseer_Alpha.png
Broodmother Gamma,BossGamma,Boss,summon bossteleporter_spider_c,1,FALSE,,https://ark.wiki.gg/wiki/File:Broodmother_Gamma.png
Broodmother Beta,BossBeta,Boss,summon bossteleporter_spider_medium_c,1,FALSE,,https://ark.wiki.gg/wiki/File:Broodmother_Beta.png
Broodmother Alpha,BossAlpha,Boss,summon bossteleporter_spider_hard_c,1,FALSE,,https://ark.wiki.gg/wiki/File:Broodmother_Alpha.png
Megapithecus Gamma,BossGamma,Boss,summon bossteleporter_gorilla_c,1,FALSE,,https://ark.wiki.gg/wiki/File:Megapithecus_Gamma.png
Megapithecus Beta,BossBeta,Boss,summon bossteleporter_gorilla_medium_c,1,FALSE,,https://ark.wiki.gg/wiki/File:Megapithecus_Beta.png
Megapithecus Alpha,BossAlpha,Boss,summon bossteleporter_gorilla_hard_c,1,FALSE,,https://ark.wiki.gg/wiki/File:Megapithecus_Alpha.png
Dragon Gamma,BossGamma,Boss,summon bossteleporter_dragon_c,1,FALSE,,https://ark.wiki.gg/wiki/File:Dragon_Gamma.png
Dragon Beta,BossBeta,Boss,summon bossteleporter_dragon_medium_c,1,FALSE,,https://ark.wiki.gg/wiki/File:Dragon_Beta.png
Dragon Alpha,BossAlpha,Boss,summon bossteleporter_dragon_hard_c,1,FALSE,,https://ark.wiki.gg/wiki/File:Dragon_Alpha.png
Manticore Gamma,BossGamma,Boss,summon bossteleporter_manticore_c,1,FALSE,,https://ark.wiki.gg/wiki/File:Manticore_Gamma.png
Manticore Beta,BossBeta,Boss,summon bossteleporter_manticore_medium_c,1,FALSE,,https://ark.wiki.gg/wiki/File:Manticore_Beta.png
Manticore Alpha,BossAlpha,Boss,summon bossteleporter_manticore_hard_c,1,FALSE,,https://ark.wiki.gg/wiki/File:Manticore_Alpha.png
Ragnarok Gamma,BossGamma,Boss,summon bossteleport_twobosses_dragonmanticore_c,1,FALSE,,https://ark.wiki.gg/wiki/File:Ragnarok_Gamma.png
Ragnarok Beta,BossBeta,Boss,summon bossteleport_twobosses_dragonmanticore_medium_c,1,FALSE,,https://ark.wiki.gg/wiki/File:Ragnarok_Beta.png
Ragnarok Alpha,BossAlpha,Boss,summon bossteleport_twobosses_dragonmanticore_hard_c,1,FALSE,,https://ark.wiki.gg/wiki/File:Ragnarok_Alpha.png
Rockwell Gamma,BossGamma,Boss,summon bossteleporter_rockwell_c,1,FALSE,,https://ark.wiki.gg/wiki/File:Rockwell_Gamma.png
Rockwell Beta,BossBeta,Boss,summon bossteleporter_rockwell_medium_c,1,FALSE,,https://ark.wiki.gg/wiki/File:Rockwell_Beta.png
Rockwell Alpha,BossAlpha,Boss,summon bossteleporter_rockwell_hard_c,1,FALSE,,https://ark.wiki.gg/wiki/File:Rockwell_Alpha.png
Desert Titan,BossGamma,Boss,summon EX_BossTeleporter_Desert_c,1,FALSE,,https://ark.wiki.gg/wiki/File:Desert_Titan.png
Forest Titan,BossGamma,Boss,summon EX_BossTeleporter_Forest_c,1,FALSE,,https://ark.wiki.gg/wiki/File:Forest_Titan.png
Ice Titan,BossGamma,Boss,summon EX_BossTeleporter_Snow_c,1,FALSE,,https://ark.wiki.gg/wiki/File:Ice_Titan.png
King Titan Gamma,BossGamma,Boss,summon EX_BossTeleporter_FZ_c,1,FALSE,,https://ark.wiki.gg/wiki/File:King_Titan_Gamma.png
King Titan Beta,BossBeta,Boss,summon EX_BossTeleporter_FZ_medium_c,1,FALSE,,https://ark.wiki.gg/wiki/File:King_Titan_Beta.png
King Titan Alpha,BossAlpha,Boss,summon EX_BossTeleporter_FZ_hard_c,1,FALSE,,https://ark.wiki.gg/wiki/File:King_Titan_Alpha.png
Primitive Resource Pack,Primitive Resource Pack,Primitive Resource Pack,gfi CactusSap 100 0 0 |  gfi CactusSap 100 0 0 |  gfi CactusSap 100 0 0 |  gfi CactusSap 100 0 0 |  gfi CactusSap 100 0 0 |  gfi CactusSap 100 0 0 |  gfi CactusSap 100 0 0 |  gfi CactusSap 100 0 0 |  gfi CactusSap 100 0 0 |  gfi CactusSap 100 0 0 |  gfi Fiber 300 0 0 |  gfi Fiber 300 0 0 |  gfi Fiber 300 0 0 |  gfi Fiber 100 0 0 |  gfi Flint 100 0 0 |  gfi Flint 100 0 0 |  gfi Flint 100 0 0 |  gfi Flint 100 0 0 |  gfi Flint 100 0 0 |  gfi Flint 100 0 0 |  gfi Flint 100 0 0 |  gfi Flint 100 0 0 |  gfi Flint 100 0 0 |  gfi Flint 100 0 0 |  gfi Hide 200 0 0 |  gfi Hide 200 0 0 |  gfi Hide 200 0 0 |  gfi Hide 200 0 0 |  gfi Hide 200 0 0 |  gfi Sand 100 0 0 |  gfi Sand 100 0 0 |  gfi Sand 100 0 0 |  gfi Sand 100 0 0 |  gfi Sand 100 0 0 |  gfi Sand 100 0 0 |  gfi Sand 100 0 0 |  gfi Sand 100 0 0 |  gfi Sand 100 0 0 |  gfi Sand 100 0 0 |  gfi Stone 100 0 0 |  gfi Stone 100 0 0 |  gfi Stone 100 0 0 |  gfi Stone 100 0 0 |  gfi Stone 100 0 0 |  gfi Stone 100 0 0 |  gfi Stone 100 0 0 |  gfi Stone 100 0 0 |  gfi Stone 100 0 0 |  gfi Stone 100 0 0 |  gfi Thatch 200 0 0 |  gfi Thatch 200 0 0 |  gfi Thatch 200 0 0 |  gfi Thatch 200 0 0 |  gfi Thatch 200 0 0 |  gfi Wood 100 0 0 |  gfi Wood 100 0 0 |  gfi Wood 100 0 0 |  gfi Wood 100 0 0 |  gfi Wood 100 0 0 |  gfi Wood 100 0 0 |  gfi Wood 100 0 0 |  gfi Wood 100 0 0 |  gfi Wood 100 0 0 |  gfi Wood 100 0 0 |  gfi FungalWood 100 0 0 |  gfi FungalWood 100 0 0 |  gfi FungalWood 100 0 0 |  gfi FungalWood 100 0 0 |  gfi FungalWood 100 0 0 |  gfi FungalWood 100 0 0 |  gfi FungalWood 100 0 0 |  gfi FungalWood 100 0 0 |  gfi FungalWood 100 0 0 |  gfi FungalWood 100 0 0,1,FALSE,,
Ramshackle Resource Pack,Ramshackle Resource Pack,Ramshackle Resource Pack,gfi BioToxin 100 0 0 |  gfi Charcoal 100 0 0 |  gfi Charcoal 100 0 0 |  gfi Charcoal 100 0 0 |  gfi Charcoal 100 0 0 |  gfi Charcoal 100 0 0 |  gfi Chitin 100 0 0 |  gfi Chitin 100 0 0 |  gfi Chitin 100 0 0 |  gfi Chitin 100 0 0 |  gfi Chitin 100 0 0 |  gfi Keratin 100 0 0 |  gfi Keratin 100 0 0 |  gfi Keratin 100 0 0 |  gfi Keratin 100 0 0 |  gfi Keratin 100 0 0 |  gfi Metal 300 0 0 |  gfi Metal 300 0 0 |  gfi Metal 300 0 0 |  gfi Clay 100 0 0 |  gfi Clay 100 0 0 |  gfi Clay 100 0 0 |  gfi Clay 100 0 0 |  gfi Clay 100 0 0 |  gfi Silk 200 0 0 |  gfi Silk 200 0 0 |  gfi Silk 200 0 0 |  gfi Sparkpowder 100 0 0 |  gfi Sparkpowder 100 0 0 |  gfi Sparkpowder 100 0 0 |  gfi Sparkpowder 100 0 0 |  gfi Sparkpowder 100 0 0 |  gfi Sparkpowder 100 0 0 |  gfi Sparkpowder 100 0 0 |  gfi Sparkpowder 100 0 0 |  gfi Sparkpowder 100 0 0 |  gfi Sparkpowder 100 0 0 |  gfi Gem_CoreLight 100 0 0 |  gfi Gem_CoreLight 100 0 0 |  gfi Gem_CoreLight 100 0 0 |  gfi Gem_CoreLight 100 0 0 |  gfi Gem_CoreLight 100 0 0,1,FALSE,,
Apprentice Resource Pack,Apprentice Resource Pack,Apprentice Resource Pack,gfi Paste 100 0 0 |  gfi Paste 100 0 0 |  gfi Paste 100 0 0 |  gfi Paste 100 0 0 |  gfi Paste 100 0 0 |  gfi Paste 100 0 0 |  gfi Paste 100 0 0 |  gfi Paste 100 0 0 |  gfi Paste 100 0 0 |  gfi Paste 100 0 0 |  gfi Gunpowder 100 0 0 |  gfi Gunpowder 100 0 0 |  gfi Gunpowder 100 0 0 |  gfi Gunpowder 100 0 0 |  gfi Gunpowder 100 0 0 |  gfi Gunpowder 100 0 0 |  gfi Gunpowder 100 0 0 |  gfi Gunpowder 100 0 0 |  gfi Gunpowder 100 0 0 |  gfi Gunpowder 100 0 0 |  gfi MetalIngot 300 0 0 |  gfi MetalIngot 300 0 0 |  gfi MetalIngot 300 0 0 |  gfi AnglerGel 100 0 0 |  gfi AnglerGel 100 0 0 |  gfi AnglerGel 100 0 0 |  gfi AnglerGel 100 0 0 |  gfi AnglerGel 100 0 0 |  gfi Silicon 100 0 0 |  gfi Silicon 100 0 0 |  gfi Silicon 100 0 0 |  gfi Silicon 100 0 0 |  gfi Silicon 100 0 0 |  gfi RawSalt 100 0 0 |  gfi RawSalt 100 0 0 |  gfi RawSalt 100 0 0 |  gfi RawSalt 100 0 0 |  gfi RawSalt 100 0 0,1,FALSE,,
Journeyman Resource Pack,Journeyman Resource Pack,Journeyman Resource Pack,gfi Pelt 200 0 0 |  gfi Pelt 200 0 0 |  gfi Pelt 200 0 0 |  gfi Pelt 200 0 0 |  gfi Pelt 200 0 0 |  gfi Sulfur 100 0 0 |  gfi Sulfur 100 0 0 |  gfi Sulfur 100 0 0 |  gfi Sulfur 100 0 0 |  gfi Sulfur 100 0 0 |  gfi TreeSap 30 0 0 |  gfi TreeSap 30 0 0 |  gfi TreeSap 30 0 0 |  gfi TreeSap 30 0 0 |  gfi TreeSap 30 0 0 |  gfi TreeSap 30 0 0 |  gfi TreeSap 30 0 0 |  gfi TreeSap 30 0 0 |  gfi TreeSap 30 0 0 |  gfi TreeSap 30 0 0 |  gfi Oil 100 0 0 |  gfi Oil 100 0 0 |  gfi Oil 100 0 0 |  gfi Oil 100 0 0 |  gfi Oil 100 0 0 |  gfi Oil 100 0 0 |  gfi Oil 100 0 0 |  gfi Oil 100 0 0 |  gfi Oil 100 0 0 |  gfi Oil 100 0 0 |  gfi Gem_CoreBlue 100 0 0 |  gfi Gem_CoreBlue 100 0 0 |  gfi Gem_CoreBlue 100 0 0 |  gfi Gem_CoreBlue 100 0 0 |  gfi Gem_CoreBlue 100 0 0 | gfi GasB 100 0 0 |  gfi GasB 100 0 0 |  gfi GasB 100 0 0 |  gfi GasB 100 0 0 |  gfi GasB 100 0 0 |  gfi Electronics 100 0 0 |  gfi Electronics 100 0 0 |  gfi Electronics 100 0 0 |  gfi Electronics 100 0 0 |  gfi Electronics 100 0 0 |  gfi Crystal 100 0 0 |  gfi Crystal 100 0 0 |  gfi Crystal 100 0 0 |  gfi Crystal 100 0 0 |  gfi Crystal 100 0 0 |  gfi Crystal 100 0 0 |  gfi Crystal 100 0 0 |  gfi Crystal 100 0 0 |  gfi Crystal 100 0 0 |  gfi Crystal 100 0 0,1,FALSE,,
Mastercraft Resource Pack,Mastercraft Resource Pack,Mastercraft Resource Pack,gfi Honey 100 0 0 |  gfi ElementDust 1000 0 0 |  gfi ElementDust 1000 0 0 |  gfi ElementDust 1000 0 0 |  gfi ElementDust 1000 0 0 |  gfi ElementDust 1000 0 0 |  gfi Propellant 100 0 0 |  gfi Propellant 100 0 0 |  gfi Propellant 100 0 0 |  gfi Propellant 100 0 0 |  gfi Propellant 100 0 0 |  gfi Gasoline 100 0 0 |  gfi Gasoline 100 0 0 |  gfi Gasoline 100 0 0 |  gfi Gasoline 100 0 0 |  gfi Gasoline 100 0 0 |  gfi Obsidian 100 0 0 |  gfi Obsidian 100 0 0 |  gfi Obsidian 100 0 0 |  gfi Obsidian 100 0 0 |  gfi Obsidian 100 0 0 |  gfi Obsidian 100 0 0 |  gfi Obsidian 100 0 0 |  gfi Obsidian 100 0 0 |  gfi Obsidian 100 0 0 |  gfi Obsidian 100 0 0 |  gfi PreservingSalt 6 0 0 |  gfi PreservingSalt 6 0 0 |  gfi PreservingSalt 6 0 0 |  gfi PreservingSalt 6 0 0 |  gfi PreservingSalt 6 0 0 |  gfi ElementOre 100 0 0 |  gfi ElementOre 100 0 0 |  gfi ElementOre 100 0 0 |  gfi ElementOre 100 0 0 |  gfi ElementOre 100 0 0 |  gfi ElementOre 100 0 0 |  gfi ElementOre 100 0 0 |  gfi ElementOre 100 0 0 |  gfi ElementOre 100 0 0 |  gfi ElementOre 100 0 0 |  gfi LeechBlood 50 0 0 |  gfi LeechBlood 50 0 0 |  gfi LeechBlood 50 0 0 |  gfi LeechBlood 50 0 0 |  gfi LeechBlood 50 0 0,1,FALSE,,
Ascendant Resource Pack,Ascendant Resource Pack,Ascendant Resource Pack,gfi BlackPearl 200 0 0 |  gfi BlackPearl 200 0 0 |  gfi BlackPearl 200 0 0 |  gfi BlackPearl 200 0 0 |  gfi BlackPearl 200 0 0 |  gfi Element 50 0 0 |  gfi Shard 1000 0 0 |  gfi Polymer 100 0 0 |  gfi Polymer 100 0 0 |  gfi Polymer 100 0 0 |  gfi Polymer 100 0 0 |  gfi Polymer 100 0 0 |  gfi Ambergris 100 0 0 |  gfi Gem_CoreRed 100 0 0 |  gfi Gem_CoreRed 100 0 0 |  gfi Gem_CoreRed 100 0 0 |  gfi Gem_CoreRed 100 0 0 |  gfi Gem_CoreRed 100 0 0 |  gfi ShellFragment 100 0 0 |  gfi ShellFragment 100 0 0 |  gfi ShellFragment 100 0 0 |  gfi ShellFragment 100 0 0 |  gfi ShellFragment 100 0 0 |  gfi ShellFragment 100 0 0 |  gfi ShellFragment 100 0 0 |  gfi ShellFragment 100 0 0 |  gfi ShellFragment 100 0 0 |  gfi ShellFragment 100 0 0 |  gfi Ammonite 50 0 0 |  gfi Ammonite 50 0 0 |  gfi Substrate 100 0 0,1,FALSE,,
Cryopod,Cryopod,Cryopod ,Cryopod ,5,FALSE,,
Mutagen,Mutagen ,Mutagen,Mutagen ,50,FALSE,,
Mutated Egg,Mutated Egg,Mutated Egg,GetEgg 1 ,0,FALSE,,
Reset Effectiveness,Reset Effectiveness,Reset Effectiveness,TamingEffectivenessModifier 1,0,FALSE,,
Insta Growth Card,Growth,Baby Care,SetBabyAge 1,0,FALSE,,
Insta Imprint Card,Imprint,Baby Care,SetImprintQuality 1,0,FALSE,,
Space Crate Selector Card,Crate,Loot,DCMSET Skybox,0,FALSE,,
Insta Level Card,Level UP,Boost,LevelUp,0,FALSE,,
Insta Level AOE Card,Level Up AOE,Booost,LevelUpAOE,0,FALSE,,
Insta Heal Card,Healing,Heal,Use Heal all,0,FALSE,,
Time Selector Card,Time,Time Travel,SetTimeOfTheDay,0,FALSE,,
Wild Wipe Card,Wipe,Purge,DestroyWildDinos,0,FALSE,,
Start Heatwave,Weather,The Island,cheat CE heatwave,0,FALSE,,
Stop Heatwave,Weather,The Island,cheat CE coldfront,0,FALSE,,
Start Rain,Weather,The Island,cheat CE makeitrain,0,FALSE,,
Stop Rain,Weather,The Island,cheat CE stoprain,0,FALSE,,
Start Fog,Weather,The Island,cheat CE fogitup,0,FALSE,,
Stop Fog,Weather,The Island,cheat CE stopfog,0,FALSE,,
Start Superheatwave,Weather,Scorched Earth,cheat CE start_superheat,0,FALSE,,
Stop Superheatwave,Weather,Scorched Earth,cheat CE stop_superheat,0,FALSE,,
Start Sandstorm,Weather,Scorched Earth,cheat CE start_sandstorm,0,FALSE,,
Stop Sandstorm,Weather,Scorched Earth,cheat CE stop_sandstorm,0,FALSE,,
Start Electric Storm,Weather,Scorched Earth,cheat CE start_electricalstorm,0,FALSE,,
Stop Electric Storm,Weather,Scorched Earth,cheat CE stop_electricalstorm,0,FALSE,,
Start Desert Rain,Weather,Scorched Earth,cheat CE start_rain,0,FALSE,,
Stop Desert Rain,Weather,Scorched Earth,cheat CE stop_rain,0,FALSE,,
Start Rag Rain,Weather,Ragnarok,"cheat CE ""start rain""",0,FALSE,,
Stop Rag Rain,Weather,Ragnarok,"cheat CE ""stop rain""",0,FALSE,,
Start Rag Electric Storm,Weather,Ragnarok,"cheat CE ""start electricalstorm""",0,FALSE,,
Stop Rag Electric Storm,Weather,Ragnarok,"cheat CE ""stop electricalstorm""",0,FALSE,,
Start Rag Sandstorm,Weather,Ragnarok,"cheat CE ""start sandstorm""",0,FALSE,,
Stop Rag Sandstorm,Weather,Ragnarok,"cheat CE ""stop sandstorm""",0,FALSE,,
Start Rag Superheatwave,Weather,Ragnarok,"cheat CE ""start superheat""",0,FALSE,,
Stop Rag Superheatwave,Weather,Ragnarok,"cheat CE ""stop superheat""",0,FALSE,,
Wake Up Volcano,Weather,Ragnarok,cheat CE Start_Volcano,0,FALSE,,
Start Earthquake,Weather,Aberration,cheat CE startquake,0,FALSE,,
Stop Earthquake,Weather,Aberration,cheat CE stopquake,0,FALSE,,
Start Meteor Shower,Weather,Extinction,"cheat CE ""start meteors""",0,FALSE,,
Start Nearest OSD/Vien,Horde,Tower Defence,cheat StartNearestHorde<Type><Difficulty>,0,FALSE,,
Teleport to Nearest OSD/Vein,Teleport,Tower Defence,cheat TeleportToActiveHorde<EventIndex>,0,FALSE,,